{
    "Addimage": false,
    "Addsticker": {
        "nama": "",
        "status": false
    },
    "Batas": {
        "members": 15,
        "on": true
    },
    "Mentionkick": false,
    "Respontag": "Tag bayar oi",
    "Respontag1": "Tag bayar oi",
    "Talkblacklist": {},
    "Talkdblacklist": true,
    "Talkwblacklist": false,
    "autoAdd": true,
    "autoJoin": true,
    "autoLeave": false,
    "blacklist": {
        "u3cd6931881e4011f76723f733e00f7db": true,
        "u83d640f91c8b534d965be7ee6ac282e1": true,
        "u859eb6ebba9147acdf6888d0e1f698c2": true,
        "u98260f43facce4a1e9f3bc2f4d8f2e68": true,
        "ubef492bc8189b577c511c992cfe69e63": true,
        "uc3e29e9d2364d2a1be2cafe883372cc0": true
    },
    "comment": "Like FAMILY",
    "contact": false,
    "dblacklist": false,
    "detectMention": true,
    "detectMention1": false,
    "key": "",
    "limit": 2,
    "mention": "Ngintip bintit 7turunan",
    "message": "Thans for add me",
    "message2": "You have been spammed",
    "spyer": false,
    "sticker": false,
    "talkban": true,
    "wblacklist": false,
    "welcome": "Selamat datang Di Group",
    "welcomeOn": false
}