{
    "Addimage": false,
    "AutoRead": true,
    "Autoscan": false,
    "Batas": {
        "members": 15,
        "on": true
    },
    "Img": {},
    "Picture": false,
    "ROM": {
        "c6dd0243528babfc4fc6bb7f71de43c3c": {}
    },
    "autoJoinTicket": true,
    "changePicture": false,
    "foto": {},
    "group": {},
    "groupPicture": false,
    "key": {},
    "keyCommand": "",
    "message": "http://line.me/ti/p/~kangnur04",
    "message1": "Selamat datang...",
    "readMember": {
        "c6dd0243528babfc4fc6bb7f71de43c3c": {
            "u1890f8d7f66ed3d7091a04f758d8d7ba": true,
            "u3dbd1bbf03b6cac2aecdcbb741906b0f": true,
            "u8142476dbd5575028711ce6cdc68ef74": true,
            "u89f37101917a1924b710f2ef8572b2e1": true,
            "ub883396783cda1cea3ae9612ddd4eb64": true,
            "uc3e29e9d2364d2a1be2cafe883372cc0": true,
            "ud57912e0a11f82fc0f7af993411c6485": true,
            "uff956ebff48d77f3f1f580b5f35adacf": true
        },
        "cb5ae091bf5b500a414cfbc96a08d2324": {
            "u123703c7170e1b515f2a2d9db58eed29": true,
            "u1302f9112ec2c821149626db57ea2fee": true,
            "u1369a0a1e521e6253873c0d9700f9d65": true,
            "u28a1c7da6625d87f61c5f15b09b4167a": true,
            "u3140e150f0461cc9bbf372af3e21c6ca": true,
            "u32049077a710daae27c8a9f38bbc795c": true,
            "u37d7651164d1aad756dcb556a9e241db": true,
            "u382ec30909d59e8c06624c80bd09a4ed": true,
            "u38822c46fe0bc44ddc094aff692d17ee": true,
            "u43b42ca498594e86c4030523e9bfbc82": true,
            "u4a8bafec1c88a9d2b8fe96b67922878d": true,
            "u5105795af7f6739571da2199e11036e5": true,
            "u5112b634886a8f4251e255f8942e1735": true,
            "u546afd944a73437442ca7c38bf9dbcea": true,
            "u5b67c6e4067d095e62c231ee114d8f29": true,
            "u5b67e0011b87b09ee5d06ba250e1697a": true,
            "u5e17aad1a24bf2b6f711c641d09a5c8b": true,
            "u5e709b2525bf7be4ddd30c4791b35e68": true,
            "u5eb5d60a60ba79604a69e66770e35d31": true,
            "u5f2ec87a3a38ccf37f672f02efc48aba": true,
            "u67acbba40f5d7983bd60c200e92456e9": true,
            "u6bb93f80a276db5fe1fc6400d8f82b2d": true,
            "u6c010231e87a6075e0b2477b1bcb810f": true,
            "u8488b6c122ad5b0007310ad831e8a4a8": true,
            "u9bb2a74853bc86404356fb82c3383599": true,
            "u9d98af11737460cd2c859c7b3f6bed44": true,
            "u9e70d35a6026c9dc7f43aa3b84f16a7a": true,
            "ua2b27142678b1b3a02df4220208ea596": true,
            "ub15532e0c65bbb8d6f353ff46b21b00b": true,
            "ub4324e1584145571d7e1b566bbfcf6bd": true,
            "ub5eae3f4b7da67b84d5270aa55045962": true,
            "ubae556a1d28dba0c197da8ac83c40f47": true,
            "ube4b26580e0dd9f814f4fb938423e4f8": true,
            "ucce58c45d337e8e7b57b0bcca98780f8": true,
            "ud23ac3e1411782f47c506455bbee973e": true,
            "ud57912e0a11f82fc0f7af993411c6485": true,
            "ud8d69d698dcd43d2c65880fe4a6e77c5": true,
            "ue007ff38024e841a281113da7ab6d3c0": true,
            "ue3597459c97156bc611252c6f10b9b7e": true,
            "ue9f1654bdd15a2f68e8f3cc557752f0e": true,
            "ueaed44267edf0b056c5465d105e6fbfc": true,
            "uf53b9f0ced8068a6ef9153b247d854ad": true,
            "uf5701039ef1282ed1d364446f98cec8d": true,
            "uf91988a93af4127b7b262db9c1a6333c": true
        }
    },
    "readPoint": {
        "c6dd0243528babfc4fc6bb7f71de43c3c": "8029290942268",
        "cb5ae091bf5b500a414cfbc96a08d2324": "8031693366906"
    },
    "restartPoint": "c6dd0243528babfc4fc6bb7f71de43c3c",
    "setTime": {
        "c6dd0243528babfc4fc6bb7f71de43c3c": "01:19"
    },
    "unsendMessage": true,
    "userAgent": [
        "Mozilla/5.0 (X11; U; Linux i586; de; rv:5.0) Gecko/20100101 Firefox/5.0",
        "Mozilla/5.0 (X11; U; Linux amd64; rv:5.0) Gecko/20100101 Firefox/5.0 (Debian)",
        "Mozilla/5.0 (X11; U; Linux amd64; en-US; rv:5.0) Gecko/20110619 Firefox/5.0",
        "Mozilla/5.0 (X11; Linux) Gecko Firefox/5.0",
        "Mozilla/5.0 (X11; Linux x86_64; rv:5.0) Gecko/20100101 Firefox/5.0 FirePHP/0.5",
        "Mozilla/5.0 (X11; Linux x86_64; rv:5.0) Gecko/20100101 Firefox/5.0 Firefox/5.0",
        "Mozilla/5.0 (X11; Linux x86_64) Gecko Firefox/5.0",
        "Mozilla/5.0 (X11; Linux ppc; rv:5.0) Gecko/20100101 Firefox/5.0",
        "Mozilla/5.0 (X11; Linux AMD64) Gecko Firefox/5.0",
        "Mozilla/5.0 (X11; FreeBSD amd64; rv:5.0) Gecko/20100101 Firefox/5.0",
        "Mozilla/5.0 (Windows NT 6.2; WOW64; rv:5.0) Gecko/20100101 Firefox/5.0",
        "Mozilla/5.0 (Windows NT 6.1; Win64; x64; rv:5.0) Gecko/20110619 Firefox/5.0",
        "Mozilla/5.0 (Windows NT 6.1; Win64; x64; rv:5.0) Gecko/20100101 Firefox/5.0",
        "Mozilla/5.0 (Windows NT 6.1; rv:6.0) Gecko/20100101 Firefox/5.0",
        "Mozilla/5.0 (Windows NT 6.1.1; rv:5.0) Gecko/20100101 Firefox/5.0",
        "Mozilla/5.0 (Windows NT 5.2; WOW64; rv:5.0) Gecko/20100101 Firefox/5.0",
        "Mozilla/5.0 (Windows NT 5.1; U; rv:5.0) Gecko/20100101 Firefox/5.0",
        "Mozilla/5.0 (Windows NT 5.1; rv:2.0.1) Gecko/20100101 Firefox/5.0",
        "Mozilla/5.0 (Windows NT 5.0; WOW64; rv:5.0) Gecko/20100101 Firefox/5.0",
        "Mozilla/5.0 (Windows NT 5.0; rv:5.0) Gecko/20100101 Firefox/5.0"
    ]
}