{
    "1364015": {
        "STKID": "22050040",
        "STKPKGID": "1673952"
    },
    "14220187": "",
    "1650405": "",
    "425": "",
    "limit": {
        "u097922eb3f3ff2ab43642fc44c9d850b": {
            "stick": {},
            "text": {
                "SPEED": 3,
                "react": false
            }
        },
        "u18b06772f95a057de96da8805171e319": {
            "stick": {},
            "text": {
                "+": 1,
                "react": true
            }
        },
        "u21f0f1005beabfdb900266ee0fa818da": {
            "stick": {},
            "text": {
                "react": true,
                "聊未來": 1
            }
        },
        "u2a2bf39f7807a4211f2717f2a1598f7e": {
            "stick": {},
            "text": {
                "react": true,
                "ㄍ我進去奇怪的房間了": 1
            }
        },
        "u36d08d6d04b2d35eb6abd5807028f276": {
            "stick": {},
            "text": {
                "react": true,
                "好哦親": 1
            }
        },
        "u3d5ba59ee3283e50fea352690586aa19": {
            "stick": {},
            "text": {
                "react": true,
                "再開會喔？": 1
            }
        },
        "u48966fb08d5652fecc19c6f6f56b7322": {
            "stick": {},
            "text": {
                "react": true,
                "還有缺嗎": 1
            }
        },
        "u5604880cc01a4fc5777fad8c6388eb00": {
            "stick": {},
            "text": {
                "5809": 1,
                "react": true
            }
        },
        "u66d4c27e8f45f025cf5774883b67ddc1": {
            "stick": {},
            "text": {
                "RIMURUREBO": 1,
                "react": true
            }
        },
        "u98e62f038af4ec76291ae916f4143b2a": {
            "stick": {},
            "text": {
                "react": true,
                "不4": 1
            }
        },
        "ub43cd5d672204ffc7f321512709190ad": {
            "stick": {},
            "text": {
                "react": true,
                "哈哈哈哈": 1
            }
        },
        "uc9eb19406ee21b88a3e3af491215e2ba": {
            "stick": {},
            "text": {
                "react": true,
                "日常": 1
            }
        },
        "ud2b16508931a0f592ad214a8fe634944": {
            "stick": {},
            "text": {
                "react": true,
                "茶姐有小孩了􀜅􀄿zany􏿿": 1
            }
        },
        "ue05b2afe4469adb49cb7ae2da121b45d": {
            "stick": {},
            "text": {
                "react": true,
                "《黑單通知》\n》顯示名稱:\n》黑單者MID:\nu7dd919d0a34d7ae7ce70dd0fd6e2e4f6": 1
            }
        },
        "ueb68f8ffa2fd26f92e5a0dfd14ee4e0b": {
            "stick": {},
            "text": {
                "react": true,
                "群聊還是開會": 1
            }
        },
        "uf3a23f28f2151140ac231e7ff83d529f": {
            "stick": {},
            "text": {
                "https://udn.com/news/story/6887/3134229": 1,
                "react": true
            }
        },
        "uf746606cee7f23eb8b209d70220d080f": {
            "stick": {},
            "text": {
                "...": 1,
                "react": true
            }
        },
        "ufb85d52117e5bb4dfa2dfb2edafba43f": {
            "stick": {},
            "text": {
                "react": true,
                "茶姐有小孩了􀜅􀄿zany􏿿": 1
            }
        }
    },
    "line://shop/detail/1359234": ""
}